user_id,product_id
1,3197421
1,100000006199
2,5088099
2,5475198
2,100064200322
2,100203000973
3,3197429
3,4246911
3,69673075023
3,100070794980
3,100114512933
3,100160986751
3,100162461068
4,1682006
4,13065559672
4,100008149331
4,100111748405
4,100154268305
4,100288929442
5,5088099
5,13065559672
5,100216501271
6,5088099
6,100059257824
6,100114512933
6,100195732408
6,100288929442
6,10042124137320
6,10159600685389
7,3627320
7,4246911
7,13065559672
7,100002187047
7,100008164593
7,100115256962
7,10042124137320
8,100230694872
8,10042124137320
8,10192694267563
9,13065559672
9,69673075023
9,100000006199
9,100008164593
9,100009013165
9,100121467835
9,10070360645999
10,11819155540
10,100114512933
11,11819155539
11,100009013165
11,100121467835
11,10202010911478
12,41399717702
12,100154268303
12,100230694872
12,10038280123718
13,100288929442
14,13065559672
14,69673075023
14,100006970791
14,100012736860
14,100136079282
14,10042124137320
14,10087901051820
15,5475198
15,11819155538
15,100008164593
15,100017016045
15,100062064085
15,100111748405
15,100203043497
15,100205817100
16,3409144
16,4246911
16,100040243463
17,11819155539
18,69673075023
18,100010609721
18,100019031805
18,100064236882
18,100112272948
18,10087901051820
19,100059911987
19,100154268303
20,1682006
20,11819155539
20,100002187047
20,100008149331
20,100230260134
21,5088099
21,100037409692
21,100115256962
21,100216501269
21,10159600685389
22,11819155539
22,100064200322
22,100216501269
22,100230694872
23,100112272948
24,3197317
24,3627320
24,100006970787
24,10037128752741
24,10042124137320
24,10070360253056
24,10098656892439
25,100195732408
25,10037128752741
26,5191216
26,100019031805
26,100064200322
27,100051205958
27,100114512933
27,100216501269
27,10070360253056
27,10121602694516
28,100009013165
28,100012736860
28,100136079284
28,100162461068
29,4246893
29,5191216
29,13065559672
29,69673075023
29,100008149331
29,100111748405
29,100121467835
30,3197429
30,3627320
30,100006970791
30,100044674724
31,5475198
31,13065559672
31,100085324248
31,100136079284
31,10070360645999
32,5088099
32,69673075023
32,100008164593
32,100014638332
32,100019031805
32,100136079282
32,10042124137320
33,100151315926
34,3627320
34,100184800271
35,13065559672
35,69673075023
36,4246893
36,5088099
36,11819155538
36,13065559671
36,100017016045
36,100288929442
36,10042124137320
37,10158610217611
38,11819155540
38,13065559672
38,100012736860
38,100021518453
39,11819155539
40,10192694267563
41,100002187045
41,100154268303
41,100195732408
41,100249994404
41,10070360253056
42,3627320
42,11819155539
42,100002187047
42,100064200322
42,100111748405
42,100205817100
42,10132040325618
43,3627320
43,100037409692
43,10042124137320
44,100112272948
44,100153216861
45,100014638332
45,100078760432
45,100111748405
45,10087901051820
46,100115256936
47,69673075023
47,100006970791
47,100071138925
47,100136079282
47,100136079284
48,100002187047
48,100006970791
48,100136079284
49,1682006
49,100115256936
50,4246893
50,13065559672
51,3627320
51,5475198
51,69673075023
51,100002187045
51,100008164593
52,1682006
52,100002187047
52,100114512933
52,100136079282
52,100162461068
52,10037128752741
52,10192694267563
53,5475198
53,10070360840507
54,100203000983
54,10042124137320
55,69673075023
55,100114512933
55,100171913423
56,69673075023
56,100037409692
56,100154268303
56,10042124137320
57,4246911
58,3409140
58,5191216
58,11819155539
58,100008149331
58,100017016045
58,10037128752741
58,10192694267563
59,3197429
59,5191106
59,11819155538
59,100009013165
59,100070794980
59,100154268303
59,10088090136835
60,3409140
60,100008164593
60,100017016045
61,10042124137320
62,100008164593
62,100070794980
62,100136079282
62,100154268303
63,11819155539
63,13065559670
63,69673075023
63,100210171410
63,100284318456
63,10070360253056
63,10159600685389
64,3197421
64,100008149331
64,100203000971
64,100288929440
64,100288929442
64,10042124137320
64,10070360253056
65,3409140
65,11819155539
65,100010077605
65,100019031805
65,100160986751
66,100002187047
66,100017016045
66,100269228340
66,10037128752741
67,13065559672
67,100000006199
67,100012736860
67,100136079282
68,100000987566
68,10121602694516
69,3197421
69,69673075023
69,100008149331
69,100111748405
69,100154268291
69,10038280123718
69,10042124137320
70,3409140
70,100008164593
70,100017016045
70,100112272948
70,100249994404
71,100010609721
71,100111748405
72,3409140
72,100017016045
72,100051205958
72,100154268303
72,100288929442
73,4246893
73,100006970791
73,100008164593
73,100136079282
74,5191216
74,100006970791
74,100037409692
74,100136079282
74,10042124137321
75,13065559672
75,100009013165
75,100064236882
75,100136079282
75,100205817100
76,100002187047
76,100064200322
76,100114512933
77,100002187047
78,100017016045
78,100017348122
78,100111748405
78,100136079282
79,100002187045
79,100044674722
79,100136079282
79,100153216861
79,100201827671
79,100268921828
79,10109147342652
80,4246911
80,11819155538
80,69673075023
80,100006970787
80,100288929442
80,10098681688567
81,69673075023
82,100010609721
82,100012736860
82,100017016045
82,100098831534
82,100114512933
82,100171913423
82,100230260134
82,10042124137320
83,1682006
83,100136079282
83,100215876924
84,13065559672
84,100230694872
85,3627132
85,69673075023
85,100017016045
85,100112272948
85,100136079282
85,100288929438
85,10042124137320
85,10192694267563
86,100019031805
86,100037037990
86,100064200322
86,100114512933
86,100171913423
86,100203043497
86,10037128752741
86,10042124137320
87,100000006199
87,100021518453
87,100216501267
87,100230694872
87,10037128752741
88,4246911
88,69673075023
88,71577466395
88,100002187045
89,4246911
89,11819155538
89,11819155539
89,13065559672
89,100010077605
89,10042124137320
90,13065559672
90,100014638332
90,100014638362
90,100017016045
90,100064200322
90,100111748405
90,10042124137321
91,10042124137320
92,100002187047
92,100012706282
92,100019031805
92,100062064069
92,10037128752741
92,10042124137320
92,10087901051820
93,69673075023
93,100012706282
93,100021518453
94,100059257824
94,100112272948
94,100177740335
94,10037128752741
94,10042124137321
94,10062595082028
94,10192694267563
95,4246911
96,3627132
96,5475198
96,13065559672
96,100006970791
96,100009013165
96,100017016045
96,100216501269
97,3627132
97,100000006199
97,100017016045
97,100019031805
97,100209270507
97,10037128752741
97,10098681688567
98,3197429
98,3409140
98,3627320
98,13065559672
98,69673075023
98,10109147342652
99,100115256936
100,5191216
100,13065559672
100,100071138925
100,100136079284
101,5191106
101,11819155540
101,100114512933
101,100205817100
101,100222208820
102,3197421
102,5191106
102,10121602694516
103,13065559672
103,100009013165
103,100098831534
103,10043933515880
103,10087901051820
104,5088099
104,100112272948
104,100230694872
104,10042124137320
105,100071138925
105,100276002028
106,100008164593
107,3197317
107,3627320
107,100017016045
107,100021664928
107,100136079282
108,100017016045
108,100121467835
108,100162461068
108,100199060254
108,10037128752741
108,10121602694516
109,100017348122
109,100114512933
109,100230694872
109,10037128752741
109,10062595082028
110,69673075023
110,100000006199
110,100006970791
110,100017016045
110,10070360645999
111,69673075023
111,100006970791
111,100008149331
111,100008164593
111,100021518453
111,100032385481
111,100080216960
111,100136079284
112,1682006
112,100000006199
112,100160560411
112,10042124137320
112,10098656892439
113,69673075023
113,100014638332
114,100021664928
114,100136079282
114,100154268303
114,100268823874
115,100002187047
115,100014638332
116,100002187047
116,100019031805
116,100059257824
116,100111748405
117,69673075023
117,100002187047
117,100008164593
117,100017016045
117,100064200322
117,100171913423
117,10212550372913
118,5191106
118,13065559672
118,100021518453
118,100059257824
118,100216501269
119,100002187047
119,100008164593
119,10037128752741
119,10192694267563
120,71577466395
120,100064236882
120,10159600685389
